{"cameraMode":{"drawMode":0,"name":"Shaded","section":"Shading Mode"},"sceneLighting":true,"audioPlay":false,"sceneViewState":{"m_AlwaysRefresh":false,"showFog":true,"showSkybox":true,"showFlares":true,"showImageEffects":true,"showParticleSystems":true,"showVisualEffectGraphs":true,"m_FxEnabled":true},"in2DMode":false,"pivot":{"x":-6.386348247528076,"y":5.896781921386719,"z":-3.5505080223083498},"rotation":{"x":-0.07717206329107285,"y":-0.6106947064399719,"z":0.059847697615623477,"w":-0.7858936190605164},"size":10.449999809265137,"orthographic":false}