{"cameraMode":{"drawMode":0,"name":"Shaded","section":"Shading Mode"},"sceneLighting":false,"audioPlay":false,"sceneViewState":{"m_AlwaysRefresh":false,"showFog":true,"showSkybox":false,"showFlares":true,"showImageEffects":true,"showParticleSystems":true,"showVisualEffectGraphs":true,"m_FxEnabled":true},"in2DMode":false,"pivot":{"x":2.1800589561462404,"y":3.0897326469421388,"z":-14.837850570678711},"rotation":{"x":0.00002137418050551787,"y":0.9976019263267517,"z":-0.0003086300566792488,"w":0.06924615800380707},"size":9.772393226623536,"orthographic":false}