{"cameraMode":{"drawMode":0,"name":"Shaded","section":"Shading Mode"},"sceneLighting":false,"audioPlay":false,"sceneViewState":{"m_AlwaysRefresh":false,"showFog":true,"showSkybox":false,"showFlares":true,"showImageEffects":true,"showParticleSystems":true,"showVisualEffectGraphs":true,"m_FxEnabled":true},"in2DMode":false,"pivot":{"x":-0.9520647525787354,"y":2.357578754425049,"z":4.171677589416504},"rotation":{"x":-0.005731118377298117,"y":0.9963329434394836,"z":-0.08822726458311081,"w":0.004190325736999512},"size":2.176004409790039,"orthographic":false}