{"cameraMode":{"drawMode":0,"name":"Shaded","section":"Shading Mode"},"sceneLighting":true,"audioPlay":false,"sceneViewState":{"m_AlwaysRefresh":false,"showFog":true,"showSkybox":true,"showFlares":true,"showImageEffects":true,"showParticleSystems":true,"showVisualEffectGraphs":true,"m_FxEnabled":true},"in2DMode":false,"pivot":{"x":1.1306151151657105,"y":-4.0978779792785648,"z":-16.910539627075197},"rotation":{"x":0.00025832318351604044,"y":0.9896066784858704,"z":-0.14380918443202973,"w":0.0017822256777435542},"size":9.919246673583985,"orthographic":false}