{"cameraMode":{"drawMode":0,"name":"Shaded","section":"Shading Mode"},"sceneLighting":true,"audioPlay":false,"sceneViewState":{"m_AlwaysRefresh":false,"showFog":true,"showSkybox":true,"showFlares":true,"showImageEffects":true,"showParticleSystems":true,"showVisualEffectGraphs":true,"m_FxEnabled":true},"in2DMode":false,"pivot":{"x":18.524534225463868,"y":-6.9444122314453129,"z":1.2738280296325684},"rotation":{"x":-0.12920835614204408,"y":-0.6881729960441589,"z":0.1264938861131668,"w":-0.7027336955070496},"size":10.165512084960938,"orthographic":false}