{"cameraMode":{"drawMode":0,"name":"Shaded","section":"Shading Mode"},"sceneLighting":true,"audioPlay":false,"sceneViewState":{"m_AlwaysRefresh":false,"showFog":true,"showSkybox":true,"showFlares":true,"showImageEffects":true,"showParticleSystems":true,"showVisualEffectGraphs":true,"m_FxEnabled":true},"in2DMode":false,"pivot":{"x":6.7336883544921879,"y":-1.5858550071716309,"z":-14.92835521697998},"rotation":{"x":0.03344711288809776,"y":0.9664742946624756,"z":-0.17318539321422578,"w":0.18667247891426087},"size":10.386645317077637,"orthographic":false}